{
  "individual_results": [
    {
      "file_path": "datasets/Pohang_Eardo_1_Edgetech4205_800_050_20241012110900_001_04/original/Pohang_Eardo_1_Edgetech4205_800_050_20241012110900_001_04.xtf",
      "filename": "Pohang_Eardo_1_Edgetech4205_800_050_20241012110900_001_04.xtf",
      "raw_packet_analysis": {
        "total_packets": 7975,
        "sonar_packets": 7974,
        "nav_packets": 0,
        "coordinate_fields": [
          "SensorXcoordinate",
          "SensorYcoordinate",
          "ShipXcoordinate",
          "ShipYcoordinate"
        ],
        "coordinate_statistics": {
          "SensorXcoordinate": {
            "count": 7974,
            "min": 12.514938333333333,
            "max": 129.51529333333335,
            "mean": 128.7805242350138,
            "std": 9.199037754218697
          },
          "SensorYcoordinate": {
            "count": 7974,
            "min": 36.098636666666664,
            "max": 36.098753333333335,
            "mean": 36.09869742914472,
            "std": 2.8279412636771264e-05
          },
          "ShipXcoordinate": {
            "count": 7974,
            "min": 12.514938333333333,
            "max": 129.51529333333335,
            "mean": 128.7805242350138,
            "std": 9.199037754218697
          },
          "ShipYcoordinate": {
            "count": 7974,
            "min": 36.098636666666664,
            "max": 36.098753333333335,
            "mean": 36.09869742914472,
            "std": 2.8279412636771264e-05
          }
        },
        "has_slant_range": false,
        "has_depth_offset": false,
        "has_towfish_data": false
      },
      "reader_analysis": {
        "extracted_pings": 100,
        "latitude_stats": {
          "min": 36.098733333333335,
          "max": 36.09874333333333,
          "mean": 36.098738199999985,
          "std": 4.33128156383879e-06,
          "range": 9.999999996068709e-06
        },
        "longitude_stats": {
          "min": 129.51517333333334,
          "max": 129.51529333333335,
          "mean": 129.5152317333333,
          "std": 3.176469039027241e-05,
          "range": 0.00012000000000966793
        },
        "coordinate_units": {
          "unit_type": "십진도 (Decimal Degrees)",
          "latitude_range": 9.999999996068709e-06,
          "longitude_range": 0.00012000000000966793,
          "is_valid_korea_region": true,
          "sample_coordinate": "(36.098743, 129.515293)"
        },
        "extraction_method": "SensorXcoordinate/SensorYcoordinate or SensorX/SensorY"
      },
      "coordinate_analysis": {
        "detailed_packet_info": {
          "SensorXcoordinate": 129.51529333333335,
          "SensorYcoordinate": 36.09874333333333,
          "ShipXcoordinate": 129.51529333333335,
          "ShipYcoordinate": 36.09874333333333,
          "CableOut": 0,
          "SensorDepth": 13.270999908447266
        },
        "positioning_error_factors": {
          "sensor_vs_ship_coordinates": {
            "distance_difference": 0.0,
            "x_difference": 0.0,
            "y_difference": 0.0,
            "uses_sensor_position": true
          },
          "slant_range_effect": {},
          "depth_layback_effect": {},
          "heading_attitude_effect": {},
          "coordinate_system_issues": {
            "potential_issues": [
              "좌표가 한국 지역 십진도 형식"
            ]
          }
        }
      },
      "analysis_timestamp": "2025-09-22T16:38:32.387146"
    },
    {
      "file_path": "datasets/Pohang_Eardo_1_Klein3900_900_050_20241011171100_001_04/original/Pohang_Eardo_1_Klein3900_900_050_20241011171100_001_04.xtf",
      "filename": "Pohang_Eardo_1_Klein3900_900_050_20241011171100_001_04.xtf",
      "raw_packet_analysis": {
        "total_packets": 15412,
        "sonar_packets": 15411,
        "nav_packets": 0,
        "coordinate_fields": [
          "SensorXcoordinate",
          "SensorYcoordinate",
          "ShipXcoordinate",
          "ShipYcoordinate"
        ],
        "coordinate_statistics": {
          "SensorXcoordinate": {
            "count": 5137,
            "min": 129.50672838787642,
            "max": 129.5150347545434,
            "mean": 129.51098089249015,
            "std": 0.002419248500309591
          },
          "SensorYcoordinate": {
            "count": 5137,
            "min": 36.09866393459968,
            "max": 36.09873775126635,
            "mean": 36.09869273584229,
            "std": 1.8969135232583403e-05
          },
          "ShipXcoordinate": {
            "count": 5137,
            "min": 129.50672838787642,
            "max": 129.5150347545434,
            "mean": 129.51098089249015,
            "std": 0.002419248500309591
          },
          "ShipYcoordinate": {
            "count": 5137,
            "min": 36.09866393459968,
            "max": 36.09873775126635,
            "mean": 36.09869273584229,
            "std": 1.896913523259053e-05
          }
        },
        "has_slant_range": false,
        "has_depth_offset": false,
        "has_towfish_data": false
      },
      "reader_analysis": {
        "extracted_pings": 100,
        "latitude_stats": {
          "min": 36.09867838459968,
          "max": 36.09868440126634,
          "mean": 36.09868208376634,
          "std": 1.7279216409353897e-06,
          "range": 6.0166666600025565e-06
        },
        "longitude_stats": {
          "min": 129.5148799878767,
          "max": 129.5150347545434,
          "mean": 129.51496574554338,
          "std": 4.4466621405650715e-05,
          "range": 0.0001547666666965597
        },
        "coordinate_units": {
          "unit_type": "십진도 (Decimal Degrees)",
          "latitude_range": 6.0166666600025565e-06,
          "longitude_range": 0.0001547666666965597,
          "is_valid_korea_region": true,
          "sample_coordinate": "(36.098684, 129.515035)"
        },
        "extraction_method": "SensorXcoordinate/SensorYcoordinate or SensorX/SensorY"
      },
      "coordinate_analysis": {
        "detailed_packet_info": {},
        "positioning_error_factors": {
          "sensor_vs_ship_coordinates": {
            "uses_sensor_position": false,
            "note": "Uses ship position as sensor position"
          },
          "slant_range_effect": {},
          "depth_layback_effect": {},
          "heading_attitude_effect": {},
          "coordinate_system_issues": {
            "potential_issues": []
          }
        }
      },
      "analysis_timestamp": "2025-09-22T16:38:32.716668"
    },
    {
      "file_path": "datasets/Pohang_Eardo_1_Edgetech4205_800_050_20241012181900_001_04/original/Pohang_Eardo_1_Edgetech4205_800_050_20241012181900_001_04.xtf",
      "filename": "Pohang_Eardo_1_Edgetech4205_800_050_20241012181900_001_04.xtf",
      "raw_packet_analysis": {
        "total_packets": 7084,
        "sonar_packets": 7083,
        "nav_packets": 0,
        "coordinate_fields": [
          "SensorXcoordinate",
          "SensorYcoordinate",
          "ShipXcoordinate",
          "ShipYcoordinate"
        ],
        "coordinate_statistics": {
          "SensorXcoordinate": {
            "count": 7083,
            "min": 129.50765333333334,
            "max": 129.51502666666667,
            "mean": 129.5113916005459,
            "std": 0.002125041790238695
          },
          "SensorYcoordinate": {
            "count": 7083,
            "min": 36.09865666666666,
            "max": 36.098753333333335,
            "mean": 36.09870969363264,
            "std": 2.880457636710164e-05
          },
          "ShipXcoordinate": {
            "count": 7083,
            "min": 129.50765333333334,
            "max": 129.51502666666667,
            "mean": 129.5113916005459,
            "std": 0.002125041790238695
          },
          "ShipYcoordinate": {
            "count": 7083,
            "min": 36.09865666666666,
            "max": 36.098753333333335,
            "mean": 36.09870969363264,
            "std": 2.880457636710164e-05
          }
        },