{
  "analysis_type": "synthetic_data_enhancement_analysis",
  "analysis_timestamp": "2025-09-09 13:28:27",
  "diversity_analysis": {
    "scenario_analysis": {
      "A_deep_ocean": {
        "mean_intensity": 0.5157580971717834,
        "intensity_std": 0.08231290429830551,
        "dynamic_range": 0.548086404800415,
        "texture_complexity": 0.023065056651830673,
        "feature_extractability": {
          "LBP": {
            "success": true,
            "feature_count": 162,
            "feature_mean": 0.0555555559694767,
            "feature_std": 0.10502374172210693
          },
          "Gabor": {
            "success": true,
            "feature_count": 600,
            "feature_mean": -344.26031494140625,
            "feature_std": 1868.933837890625
          }
        }
      },
      "B_shallow_coastal": {
        "mean_intensity": 0.7755303382873535,
        "intensity_std": 0.10283432900905609,
        "dynamic_range": 0.5482134819030762,
        "texture_complexity": 0.12316391617059708,
        "feature_extractability": {
          "LBP": {
            "success": true,
            "feature_count": 162,
            "feature_mean": 0.0555555559694767,
            "feature_std": 0.10119683295488358
          },
          "Gabor": {
            "success": true,
            "feature_count": 600,
            "feature_mean": -219.7967987060547,
            "feature_std": 1427.4676513671875
          }
        }
      },
      "C_medium_depth": {
        "mean_intensity": 0.6124954223632812,
        "intensity_std": 0.07060346752405167,
        "dynamic_range": 0.5089355111122131,
        "texture_complexity": 0.056428492069244385,
        "feature_extractability": {
          "LBP": {
            "success": true,
            "feature_count": 162,
            "feature_mean": 0.0555555559694767,
            "feature_std": 0.1020294725894928
          },
          "Gabor": {
            "success": true,
            "feature_count": 600,
            "feature_mean": -269.38702392578125,
            "feature_std": 1596.82421875
          }
        }
      },
      "D_high_current": {
        "mean_intensity": 0.6216461062431335,
        "intensity_std": 0.08545809239149094,
        "dynamic_range": 0.6199297904968262,
        "texture_complexity": 0.09291920810937881,
        "feature_extractability": {
          "LBP": {
            "success": true,
            "feature_count": 162,
            "feature_mean": 0.0555555559694767,
            "feature_std": 0.09199700504541397
          },
          "Gabor": {
            "success": true,
            "feature_count": 600,
            "feature_mean": -258.0773010253906,
            "feature_std": 1663.90771484375
          }
        }
      },
      "E_sandy_rocky": {
        "mean_intensity": 0.6184121966362,
        "intensity_std": 0.1250547468662262,
        "dynamic_range": 0.6072140336036682,
        "texture_complexity": 0.09841283410787582,
        "feature_extractability": {
          "LBP": {
            "success": true,
            "feature_count": 162,
            "feature_mean": 0.0555555559694767,
            "feature_std": 0.08845818042755127
          },
          "Gabor": {
            "success": true,
            "feature_count": 600,
            "feature_mean": -266.83453369140625,
            "feature_std": 1578.0565185546875
          }
        }
      }
    },
    "feature_diversity": {
      "A_deep_ocean_vs_B_shallow_coastal": 0.22669506072998047,
      "A_deep_ocean_vs_C_medium_depth": 0.07506044209003448,
      "B_shallow_coastal_vs_C_medium_depth": 0.2461114227771759
    },
    "complexity_spectrum": {
      "A_deep_ocean": {
        "overall_complexity": 0.14,
        "noise_level": 0.1,
        "texture_complexity": 0.2,
        "current_strength": 0.1,
        "target_visibility": 0.9,
        "environment": "deep_ocean"
      },
      "B_shallow_coastal": {
        "overall_complexity": 0.6599999999999999,
        "noise_level": 0.6,
        "texture_complexity": 0.8,
        "current_strength": 0.5,
        "target_visibility": 0.4,
        "environment": "shallow_coastal"
      },
      "C_medium_depth": {
        "overall_complexity": 0.38000000000000006,
        "noise_level": 0.3,
        "texture_complexity": 0.5,
        "current_strength": 0.3,
        "target_visibility": 0.7,
        "environment": "medium_depth"
      },
      "D_high_current": {
        "overall_complexity": 0.62,
        "noise_level": 0.7,
        "texture_complexity": 0.4,
        "current_strength": 0.9,
        "target_visibility": 0.3,
        "environment": "high_current"
      },
      "E_sandy_rocky": {
        "overall_complexity": 0.5700000000000001,
        "noise_level": 0.4,
        "texture_complexity": 0.9,
        "current_strength": 0.2,
        "target_visibility": 0.5,
        "environment": "sandy_rocky"
      },
      "complexity_ranking": [
        {
          "scenario": "A_deep_ocean",
          "complexity": 0.14
        },
        {
          "scenario": "C_medium_depth",
          "complexity": 0.38000000000000006
        },
        {
          "scenario": "E_sandy_rocky",
          "complexity": 0.5700000000000001
        },
        {
          "scenario": "D_high_current",
          "complexity": 0.62
        },
        {
          "scenario": "B_shallow_coastal",
          "complexity": 0.6599999999999999
        }
      ]
    },
    "coverage_assessment": {
      "size_compatibility": {
        "real_size": [
          49,
          46
        ],
        "synthetic_size": [
          64,
          64
        ],
        "size_ratio": 0.55029296875,
        "compatibility_score": 1.0,
        "recommendation": "크기 조정 권장. 리사이징 또는 패딩 적용"
      },
      "feature_compatibility": {
        "lbp_compatibility": {
          "real_success_rate": 1.0,
          "synthetic_success_rate": 1.0,
          "feature_count_match": true,
          "compatibility_score": 1.0
        },
        "gabor_compatibility": {
          "real_success_rate": 1.0,
          "synthetic_success_rate": 1.0,
          "feature_count_match": true,
          "compatibility_score": 1.0
        }
      },
      "processing_compatibility": {
        "preprocessing_needs": {
          "normalization_required": true,
          "resize_required": true,
          "format_standardization": true
        },
        "pipeline_compatibility": {
          "feature_extraction_pipeline": "compatible",
          "classification_pipeline": "requires_adaptation",
          "evaluation_pipeline": "compatible"
        },
        "overall_compatibility_score": 0.8
      },
      "domain_gap_analysis": {
        "visual_realism": {
          "texture_similarity": 0.7,
          "intensity_distribution": 0.8,
          "noise_characteristics": 0.6,
          "overall_visual_score": 0.7
        },
        "statistical_properties": {
          "feature_distribution_similarity": 0.75,
          "variance_matching": 0.8,
          "correlation_preservation": 0.65,
          "overall_statistical_score": 0.73
        },
        "functional_gap": {
          "discriminative_power": "requires_evaluation",
          "generalization_capability": "requires_testing",
          "robustness_transfer": "needs_validation"
        },
        "overall_domain_gap": 0.27
      }
    }
  },
  "enhancement_strategies": {
    "data_augmentation_strategy": {
      "strategy_name": "Progressive Complexity Augmentation",
      "description": "단순한 환경부터 복잡한 환경까지 점진적 데이터 증강",
      "phases": [
        {
          "phase": 1,
          "scenarios": [
            "A_deep_ocean",
            "C_medium_depth"
          ],
          "augmentation_ratio": "1:1 (실제:모의)",
          "focus": "기본적인 기뢰 형태 학습"
        },
        {
          "phase": 2,
          "scenarios": [
            "E_sandy_rocky",
            "D_high_current"
          ],
          "augmentation_ratio": "1:2 (실제:모의)",